,accuracy,precision,recall,f1
10,0.8470031545741324,0.9315068493150684,0.425,0.5836909871244635
20,0.8911671924290221,0.941747572815534,0.60625,0.7376425855513308
30,0.8911671924290221,0.941747572815534,0.60625,0.7376425855513308
40,0.889589905362776,0.95,0.59375,0.7307692307692308
50,0.8943217665615142,0.9428571428571428,0.61875,0.7471698113207547
100,0.8911671924290221,0.941747572815534,0.60625,0.7376425855513308
