,accuracy,precision,recall,f1
2,0.7665615141955836,1.0,0.075,0.13953488372093023
300,0.9542586750788643,0.9395973154362416,0.875,0.9061488673139159
600,0.9511041009463722,0.9161290322580645,0.8875,0.9015873015873015
900,0.9495268138801262,0.9210526315789473,0.875,0.8974358974358975
1200,0.9511041009463722,0.9387755102040817,0.8625,0.8990228013029318
1500,0.9542586750788643,0.9455782312925171,0.86875,0.9055374592833877
1800,0.9463722397476341,0.92,0.8625,0.8903225806451613
2100,0.9463722397476341,0.9256756756756757,0.85625,0.8896103896103895
2400,0.9463722397476341,0.92,0.8625,0.8903225806451613
2700,0.9574132492113565,0.934640522875817,0.89375,0.9137380191693291
3000,0.9558359621451105,0.9459459459459459,0.875,0.9090909090909091
3300,0.9495268138801262,0.9383561643835616,0.85625,0.8954248366013072
3600,0.9463722397476341,0.92,0.8625,0.8903225806451613
3900,0.9463722397476341,0.9375,0.84375,0.8881578947368421
4200,0.9558359621451105,0.94,0.88125,0.9096774193548387
4500,0.9574132492113565,0.9523809523809523,0.875,0.9120521172638436
4800,0.9479495268138801,0.9150326797385621,0.875,0.8945686900958466
5100,0.9369085173501577,0.8846153846153846,0.8625,0.8734177215189874
5400,0.9558359621451105,0.952054794520548,0.86875,0.9084967320261439
5700,0.9542586750788643,0.9395973154362416,0.875,0.9061488673139159
6000,0.9511041009463722,0.9328859060402684,0.86875,0.8996763754045307
6300,0.9511041009463722,0.9271523178807947,0.875,0.9003215434083601
6600,0.9542586750788643,0.9337748344370861,0.88125,0.9067524115755626
6900,0.9479495268138801,0.9205298013245033,0.86875,0.8938906752411576
7200,0.9589905362776026,0.9407894736842105,0.89375,0.9166666666666667
7500,0.9463722397476341,0.92,0.8625,0.8903225806451613
7800,0.9542586750788643,0.9337748344370861,0.88125,0.9067524115755626
8100,0.9495268138801262,0.9266666666666666,0.86875,0.896774193548387
