,accuracy,precision,recall,f1
1,0.9542586750788643,0.9395973154362416,0.875,0.9061488673139159
1,0.9495268138801262,0.9266666666666666,0.86875,0.896774193548387
2,0.8990536277602523,0.9444444444444444,0.6375,0.7611940298507462
3,0.8406940063091483,0.9402985074626866,0.39375,0.5550660792951542
4,0.8406940063091483,0.9538461538461539,0.3875,0.5511111111111111
5,0.8217665615141956,1.0,0.29375,0.45410628019323673
6,0.831230283911672,1.0,0.33125,0.4976525821596244
7,0.8107255520504731,1.0,0.25,0.4
8,0.7807570977917981,1.0,0.13125,0.23204419889502761
