,accuracy,precision,recall,f1
1,0.9495268138801262,0.9507042253521126,0.84375,0.8940397350993378
1,0.9558359621451105,0.9459459459459459,0.875,0.9090909090909091
2,0.8911671924290221,0.9252336448598131,0.61875,0.7415730337078652
3,0.8564668769716088,0.9259259259259259,0.46875,0.6224066390041494
4,0.8454258675078864,0.9558823529411765,0.40625,0.5701754385964912
5,0.8012618296529969,1.0,0.2125,0.3505154639175258
6,0.7697160883280757,1.0,0.0875,0.16091954022988506
7,0.8123028391167192,0.9767441860465116,0.2625,0.4137931034482759
8,0.8028391167192429,0.9069767441860465,0.24375,0.3842364532019704
9,0.804416403785489,0.9090909090909091,0.25,0.392156862745098
10,0.7618296529968455,1.0,0.05625,0.10650887573964499
11,0.7602523659305994,1.0,0.05,0.09523809523809523
12,0.7555205047318612,1.0,0.03125,0.06060606060606061
